service_date,from_stop_id,to_stop_id,route_id,direction_id,start_time_sec,end_time_sec,travel_time_sec
10/1/21,70002,70001,Orange,0,89949,90083,134
10/1/21,70004,70001,Orange,0,89717,90083,366
10/1/21,70036,70001,Orange,0,87581,90083,2502
10/1/21,70034,70001,Orange,0,87729,90083,2354
10/1/21,70278,70001,Orange,0,88072,90083,2011
10/1/21,70010,70001,Orange,0,89374,90083,709
10/1/21,70016,70001,Orange,0,88932,90083,1151
10/1/21,70012,70001,Orange,0,89282,90083,801
10/1/21,70018,70001,Orange,0,88842,90083,1241
10/1/21,70024,70001,Orange,0,88531,90083,1552
10/1/21,70030,70001,Orange,0,88178,90083,1905
10/1/21,70014,70001,Orange,0,89109,90083,974
10/1/21,70020,70001,Orange,0,88754,90083,1329
10/1/21,70022,70001,Orange,0,88633,90083,1450
10/1/21,70006,70001,Orange,0,89597,90083,486
10/1/21,70008,70001,Orange,0,89492,90083,591
10/1/21,70032,70001,Orange,0,87961,90083,2122
10/1/21,70026,70001,Orange,0,88420,90083,1663
10/1/21,70028,70001,Orange,0,88314,90083,1769
10/2/21,70278,70001,Orange,0,87820,89821,2001
10/2/21,70022,70001,Orange,0,88433,89821,1388
10/2/21,70024,70001,Orange,0,88323,89821,1498
10/2/21,70010,70001,Orange,0,89236,89821,585
10/2/21,70016,70001,Orange,0,88743,89821,1078
10/2/21,70012,70001,Orange,0,89126,89821,695
10/2/21,70018,70001,Orange,0,88645,89821,1176
10/2/21,70014,70001,Orange,0,88955,89821,866
10/2/21,70020,70001,Orange,0,88565,89821,1256
10/2/21,70002,70001,Orange,0,89666,89821,155
10/2/21,70004,70001,Orange,0,89558,89821,263
10/2/21,70030,70001,Orange,0,87957,89821,1864
10/2/21,70032,70001,Orange,0,87707,89821,2114
10/2/21,70026,70001,Orange,0,88198,89821,1623
10/2/21,70036,70001,Orange,0,87339,89821,2482
10/2/21,70006,70001,Orange,0,89441,89821,380
10/2/21,70008,70001,Orange,0,89342,89821,479
10/2/21,70028,70001,Orange,0,88099,89821,1722
10/2/21,70034,70001,Orange,0,87479,89821,2342
10/3/21,70004,70001,Orange,0,90136,90523,387
10/3/21,70006,70001,Orange,0,90009,90523,514
10/3/21,70008,70001,Orange,0,89904,90523,619
10/3/21,70034,70001,Orange,0,87955,90523,2568
10/3/21,70278,70001,Orange,0,88473,90523,2050
10/3/21,70002,70001,Orange,0,90236,90523,287
10/3/21,70024,70001,Orange,0,89006,90523,1517
10/3/21,70030,70001,Orange,0,88572,90523,1951
10/3/21,70032,70001,Orange,0,88355,90523,2168
10/3/21,70010,70001,Orange,0,89798,90523,725
10/3/21,70016,70001,Orange,0,89339,90523,1184
10/3/21,70018,70001,Orange,0,89249,90523,1274
10/3/21,70012,70001,Orange,0,89706,90523,817
10/3/21,70020,70001,Orange,0,89177,90523,1346
10/3/21,70014,70001,Orange,0,89545,90523,978
10/3/21,70022,70001,Orange,0,89111,90523,1412
10/3/21,70026,70001,Orange,0,88824,90523,1699
10/3/21,70036,70001,Orange,0,87784,90523,2739
10/3/21,70028,70001,Orange,0,88710,90523,1813
10/4/21,70278,70001,Orange,0,89195,91555,2360
10/4/21,70022,70001,Orange,0,89767,91555,1788
10/4/21,70024,70001,Orange,0,89660,91555,1895
10/4/21,70002,70001,Orange,0,91398,91555,157
10/4/21,70004,70001,Orange,0,91300,91555,255
10/4/21,70030,70001,Orange,0,89306,91555,2249
10/4/21,70016,70001,Orange,0,90514,91555,1041
10/4/21,70012,70001,Orange,0,90867,91555,688
10/4/21,70018,70001,Orange,0,90427,91555,1128
10/4/21,70014,70001,Orange,0,90701,91555,854
10/4/21,70020,70001,Orange,0,90355,91555,1200
10/4/21,70026,70001,Orange,0,89558,91555,1997
10/4/21,70028,70001,Orange,0,89450,91555,2105
10/4/21,70036,70001,Orange,0,88726,91555,2829
10/4/21,70006,70001,Orange,0,91168,91555,387
10/4/21,70008,70001,Orange,0,91067,91555,488
10/4/21,70010,70001,Orange,0,90970,91555,585
10/4/21,70032,70001,Orange,0,89087,91555,2468
10/4/21,70034,70001,Orange,0,88840,91555,2715
10/5/21,70020,70001,Orange,0,88752,89977,1225
10/5/21,70014,70001,Orange,0,89104,89977,873
10/5/21,70022,70001,Orange,0,88650,89977,1327
10/5/21,70028,70001,Orange,0,88320,89977,1657
10/5/21,70026,70001,Orange,0,88428,89977,1549
10/5/21,70004,70001,Orange,0,89718,89977,259
10/5/21,70006,70001,Orange,0,89599,89977,378
10/5/21,70278,70001,Orange,0,88072,89977,1905
10/5/21,70032,70001,Orange,0,87956,89977,2021
10/5/21,70024,70001,Orange,0,88551,89977,1426
10/5/21,70036,70001,Orange,0,87611,89977,2366
10/5/21,70010,70001,Orange,0,89382,89977,595
10/5/21,70030,70001,Orange,0,88180,89977,1797
10/5/21,70034,70001,Orange,0,87725,89977,2252
10/5/21,70016,70001,Orange,0,88919,89977,1058
10/5/21,70012,70001,Orange,0,89270,89977,707
10/5/21,70018,70001,Orange,0,88833,89977,1144
10/5/21,70008,70001,Orange,0,89492,89977,485
10/5/21,70002,70001,Orange,0,89829,89977,148
10/7/21,70278,70001,Orange,0,88060,89966,1906
10/7/21,70002,70001,Orange,0,89803,89966,163
10/7/21,70004,70001,Orange,0,89700,89966,266
10/7/21,70006,70001,Orange,0,89586,89966,380
10/7/21,70008,70001,Orange,0,89482,89966,484
10/7/21,70010,70001,Orange,0,89374,89966,592
10/7/21,70012,70001,Orange,0,89282,89966,684
10/7/21,70014,70001,Orange,0,89110,89966,856
10/7/21,70016,70001,Orange,0,88931,89966,1035
10/7/21,70018,70001,Orange,0,88848,89966,1118
10/7/21,70020,70001,Orange,0,88772,89966,1194
10/7/21,70022,70001,Orange,0,88669,89966,1297
10/7/21,70024,70001,Orange,0,88567,89966,1399
10/7/21,70026,70001,Orange,0,88410,89966,1556
10/7/21,70028,70001,Orange,0,88301,89966,1665
10/7/21,70030,70001,Orange,0,88162,89966,1804
10/7/21,70032,70001,Orange,0,87950,89966,2016
10/7/21,70034,70001,Orange,0,87726,89966,2240
10/7/21,70036,70001,Orange,0,87579,89966,2387
11/1/21,70004,70001,Orange,0,91313,91581,268
11/1/21,70006,70001,Orange,0,91182,91581,399
11/1/21,70008,70001,Orange,0,91080,91581,501
11/1/21,70026,70001,Orange,0,89109,91581,2472
11/1/21,70028,70001,Orange,0,89002,91581,2579
11/1/21,70036,70001,Orange,0,88302,91581,3279
11/1/21,70010,70001,Orange,0,90978,91581,603
11/1/21,70030,70001,Orange,0,88860,91581,2721
11/1/21,70032,70001,Orange,0,88650,91581,2931
11/1/21,70278,70001,Orange,0,88762,91581,2819
11/1/21,70002,70001,Orange,0,91420,91581,161
11/1/21,70024,70001,Orange,0,89232,91581,2349
11/1/21,70034,70001,Orange,0,88423,91581,3158
11/1/21,70016,70001,Orange,0,90502,91581,1079
11/1/21,70012,70001,Orange,0,90869,91581,712
11/1/21,70018,70001,Orange,0,90397,91581,1184
11/1/21,70020,70001,Orange,0,90318,91581,1263
11/1/21,70014,70001,Orange,0,90705,91581,876
11/1/21,70022,70001,Orange,0,89458,91581,2123
11/2/21,70278,70001,Orange,0,89340,91680,2340
11/2/21,70002,70001,Orange,0,91540,91680,140
11/2/21,70026,70001,Orange,0,89755,91680,1925
11/2/21,70028,70001,Orange,0,89637,91680,2043
11/2/21,70036,70001,Orange,0,88497,91680,3183
11/2/21,70034,70001,Orange,0,88670,91680,3010
11/2/21,70004,70001,Orange,0,91416,91680,264
11/2/21,70006,70001,Orange,0,91310,91680,370
11/2/21,70008,70001,Orange,0,91222,91680,458
11/2/21,70010,70001,Orange,0,91130,91680,550
11/2/21,70022,70001,Orange,0,89966,91680,1714
11/2/21,70024,70001,Orange,0,89855,91680,1825
11/2/21,70032,70001,Orange,0,89196,91680,2484
11/2/21,70012,70001,Orange,0,91017,91680,663
11/2/21,70016,70001,Orange,0,90683,91680,997
11/2/21,70018,70001,Orange,0,90609,91680,1071
11/2/21,70014,70001,Orange,0,90861,91680,819
11/2/21,70020,70001,Orange,0,90544,91680,1136
11/2/21,70030,70001,Orange,0,89461,91680,2219
11/3/21,70022,70001,Orange,0,89614,90943,1329
11/3/21,70026,70001,Orange,0,89415,90943,1528
11/3/21,70006,70001,Orange,0,90551,90943,392
11/3/21,70008,70001,Orange,0,90449,90943,494
11/3/21,70004,70001,Orange,0,90679,90943,264
11/3/21,70002,70001,Orange,0,90788,90943,155
11/3/21,70020,70001,Orange,0,89686,90943,1257
11/3/21,70024,70001,Orange,0,89504,90943,1439
11/3/21,70028,70001,Orange,0,89281,90943,1662
11/3/21,70032,70001,Orange,0,88123,90943,2820
11/3/21,70030,70001,Orange,0,89148,90943,1795
11/3/21,70036,70001,Orange,0,87629,90943,3314
11/3/21,70016,70001,Orange,0,89869,90943,1074
11/3/21,70018,70001,Orange,0,89775,90943,1168
11/3/21,70012,70001,Orange,0,90241,90943,702
11/3/21,70278,70001,Orange,0,89041,90943,1902
11/3/21,70034,70001,Orange,0,87748,90943,3195
11/3/21,70010,70001,Orange,0,90346,90943,597
11/3/21,70014,70001,Orange,0,90046,90943,897
11/4/21,70010,70001,Orange,0,91211,91765,554
11/4/21,70016,70001,Orange,0,90747,91765,1018
11/4/21,70012,70001,Orange,0,91107,91765,658
11/4/21,70018,70001,Orange,0,90661,91765,1104
11/4/21,70034,70001,Orange,0,88408,91765,3357
11/4/21,70278,70001,Orange,0,88764,91765,3001
11/4/21,70006,70001,Orange,0,91407,91765,358
11/4/21,70008,70001,Orange,0,91310,91765,455
11/4/21,70002,70001,Orange,0,91615,91765,150
11/4/21,70004,70001,Orange,0,91515,91765,250
11/4/21,70030,70001,Orange,0,88865,91765,2900
11/4/21,70032,70001,Orange,0,88642,91765,3123
11/4/21,70026,70001,Orange,0,89119,91765,2646
11/4/21,70014,70001,Orange,0,90940,91765,825
11/4/21,70020,70001,Orange,0,90588,91765,1177
11/4/21,70022,70001,Orange,0,89571,91765,2194
11/4/21,70024,70001,Orange,0,89226,91765,2539
11/4/21,70028,70001,Orange,0,89013,91765,2752
11/4/21,70036,70001,Orange,0,88266,91765,3499
11/5/21,70010,70001,Orange,0,89407,89998,591
11/5/21,70016,70001,Orange,0,88941,89998,1057
11/5/21,70012,70001,Orange,0,89293,89998,705
11/5/21,70018,70001,Orange,0,88849,89998,1149
11/5/21,70036,70001,Orange,0,87577,89998,2421
11/5/21,70028,70001,Orange,0,88306,89998,1692
11/5/21,70002,70001,Orange,0,89855,89998,143
11/5/21,70020,70001,Orange,0,88768,89998,1230
11/5/21,70014,70001,Orange,0,89121,89998,877
11/5/21,70022,70001,Orange,0,88670,89998,1328
11/5/21,70024,70001,Orange,0,88562,89998,1436
11/5/21,70030,70001,Orange,0,88168,89998,1830
11/5/21,70032,70001,Orange,0,87932,89998,2066
11/5/21,70026,70001,Orange,0,88459,89998,1539
11/5/21,70278,70001,Orange,0,88063,89998,1935
11/5/21,70004,70001,Orange,0,89747,89998,251
11/5/21,70006,70001,Orange,0,89624,89998,374
11/5/21,70008,70001,Orange,0,89518,89998,480
11/5/21,70034,70001,Orange,0,87698,89998,2300
11/6/21,70034,70001,Orange,0,88381,89253,872
11/6/21,70030,70001,Orange,0,88802,89253,451
11/6/21,70032,70001,Orange,0,88605,89253,648
11/6/21,70026,70001,Orange,0,89064,89253,189
11/6/21,70028,70001,Orange,0,88934,89253,319
11/6/21,70036,70001,Orange,0,88237,89253,1016
11/6/21,70278,70001,Orange,0,88706,89253,547
11/6/21,70024,70001,Orange,0,89152,89253,101
11/7/21,70006,70001,Orange,0,89361,89732,371
11/7/21,70008,70001,Orange,0,89262,89732,470
11/7/21,70002,70001,Orange,0,89582,89732,150
11/7/21,70004,70001,Orange,0,89478,89732,254
11/7/21,70020,70001,Orange,0,88530,89732,1202
11/7/21,70014,70001,Orange,0,88881,89732,851
11/7/21,70022,70001,Orange,0,88345,89732,1387
11/7/21,70024,70001,Orange,0,88243,89732,1489
11/7/21,70034,70001,Orange,0,87412,89732,2320
11/7/21,70278,70001,Orange,0,87773,89732,1959
11/7/21,70010,70001,Orange,0,89156,89732,576
11/7/21,70016,70001,Orange,0,88692,89732,1040
11/7/21,70018,70001,Orange,0,88604,89732,1128
11/7/21,70012,70001,Orange,0,89047,89732,685
11/7/21,70030,70001,Orange,0,87874,89732,1858
11/7/21,70032,70001,Orange,0,87657,89732,2075
11/7/21,70026,70001,Orange,0,88153,89732,1579
11/7/21,70036,70001,Orange,0,87280,89732,2452
11/7/21,70028,70001,Orange,0,88018,89732,1714
12/1/21,70018,70001,Orange,0,88983,90223,1240
12/1/21,70012,70001,Orange,0,89646,90223,577
12/1/21,70020,70001,Orange,0,88895,90223,1328
12/1/21,70022,70001,Orange,0,88821,90223,1402
12/1/21,70014,70001,Orange,0,89262,90223,961
12/1/21,70034,70001,Orange,0,87795,90223,2428
12/1/21,70004,70001,Orange,0,90026,90223,197
12/1/21,70008,70001,Orange,0,89808,90223,415
12/1/21,70006,70001,Orange,0,89904,90223,319
12/1/21,70030,70001,Orange,0,88240,90223,1983
12/1/21,70032,70001,Orange,0,88029,90223,2194
12/1/21,70010,70001,Orange,0,89706,90223,517
12/1/21,70016,70001,Orange,0,89078,90223,1145
12/1/21,70024,70001,Orange,0,88604,90223,1619
12/1/21,70002,70001,Orange,0,90129,90223,94
12/1/21,70026,70001,Orange,0,88502,90223,1721
12/1/21,70036,70001,Orange,0,87644,90223,2579
12/1/21,70028,70001,Orange,0,88371,90223,1852
12/1/21,70278,70001,Orange,0,88137,90223,2086
12/2/21,70278,70001,Orange,0,88025,90130,2105
12/2/21,70002,70001,Orange,0,90042,90130,88
12/2/21,70024,70001,Orange,0,88589,90130,1541
12/2/21,70030,70001,Orange,0,88148,90130,1982
12/2/21,70004,70001,Orange,0,89939,90130,191
12/2/21,70034,70001,Orange,0,87645,90130,2485
12/2/21,70032,70001,Orange,0,87908,90130,2222
12/2/21,70026,70001,Orange,0,88471,90130,1659
12/2/21,70036,70001,Orange,0,87494,90130,2636
12/2/21,70028,70001,Orange,0,88313,90130,1817
12/2/21,70018,70001,Orange,0,88912,90130,1218
12/2/21,70012,70001,Orange,0,89372,90130,758
12/2/21,70020,70001,Orange,0,88841,90130,1289
12/2/21,70022,70001,Orange,0,88767,90130,1363
12/2/21,70014,70001,Orange,0,89181,90130,949
12/2/21,70010,70001,Orange,0,89578,90130,552
12/2/21,70016,70001,Orange,0,89000,90130,1130
12/2/21,70006,70001,Orange,0,89812,90130,318
12/2/21,70008,70001,Orange,0,89701,90130,429
12/3/21,70020,70001,Orange,0,89365,90639,1274
12/3/21,70012,70001,Orange,0,89896,90639,743
12/3/21,70022,70001,Orange,0,89295,90639,1344
12/3/21,70014,70001,Orange,0,89715,90639,924
12/3/21,70034,70001,Orange,0,87679,90639,2960
12/3/21,70024,70001,Orange,0,89089,90639,1550
12/3/21,70278,70001,Orange,0,88009,90639,2630
12/3/21,70004,70001,Orange,0,90424,90639,215
12/3/21,70008,70001,Orange,0,90211,90639,428
12/3/21,70006,70001,Orange,0,90307,90639,332
12/3/21,70016,70001,Orange,0,89532,90639,1107
12/3/21,70010,70001,Orange,0,90106,90639,533
12/3/21,70018,70001,Orange,0,89449,90639,1190
12/3/21,70036,70001,Orange,0,87563,90639,3076
12/3/21,70028,70001,Orange,0,88879,90639,1760
12/3/21,70002,70001,Orange,0,90526,90639,113
12/3/21,70030,70001,Orange,0,88744,90639,1895
12/3/21,70032,70001,Orange,0,87902,90639,2737
12/3/21,70026,70001,Orange,0,89007,90639,1632
12/4/21,70022,70001,Orange,0,88495,89924,1429
12/4/21,70014,70001,Orange,0,88972,89924,952
12/4/21,70024,70001,Orange,0,88290,89924,1634
12/4/21,70034,70001,Orange,0,87465,89924,2459
12/4/21,70002,70001,Orange,0,89811,89924,113
12/4/21,70028,70001,Orange,0,88066,89924,1858
12/4/21,70036,70001,Orange,0,87349,89924,2575
12/4/21,70278,70001,Orange,0,87804,89924,2120
12/4/21,70016,70001,Orange,0,88799,89924,1125
12/4/21,70010,70001,Orange,0,89355,89924,569
12/4/21,70018,70001,Orange,0,88715,89924,1209
12/4/21,70020,70001,Orange,0,88631,89924,1293
12/4/21,70012,70001,Orange,0,89143,89924,781
12/4/21,70008,70001,Orange,0,89465,89924,459
12/4/21,70006,70001,Orange,0,89567,89924,357
12/4/21,70030,70001,Orange,0,87921,89924,2003
12/4/21,70032,70001,Orange,0,87693,89924,2231
12/4/21,70026,70001,Orange,0,88200,89924,1724
12/4/21,70004,70001,Orange,0,89709,89924,215
12/5/21,70278,70001,Orange,0,88108,90180,2072
12/5/21,70004,70001,Orange,0,89941,90180,239
12/5/21,70008,70001,Orange,0,89723,90180,457
12/5/21,70006,70001,Orange,0,89824,90180,356
12/5/21,70032,70001,Orange,0,87987,90180,2193
12/5/21,70026,70001,Orange,0,88486,90180,1694
12/5/21,70036,70001,Orange,0,87603,90180,2577
12/5/21,70028,70001,Orange,0,88341,90180,1839
12/5/21,70002,70001,Orange,0,90047,90180,133
12/5/21,70016,70001,Orange,0,89050,90180,1130
12/5/21,70010,70001,Orange,0,89612,90180,568
12/5/21,70018,70001,Orange,0,88959,90180,1221
12/5/21,70012,70001,Orange,0,89410,90180,770
12/5/21,70020,70001,Orange,0,88871,90180,1309
12/5/21,70014,70001,Orange,0,89245,90180,935
12/5/21,70034,70001,Orange,0,87713,90180,2467
12/5/21,70022,70001,Orange,0,88771,90180,1409
12/5/21,70024,70001,Orange,0,88572,90180,1608
12/5/21,70030,70001,Orange,0,88207,90180,1973
12/6/21,70002,70001,Orange,0,90133,90223,90
12/6/21,70024,70001,Orange,0,88697,90223,1526
12/6/21,70278,70001,Orange,0,88202,90223,2021
12/6/21,70010,70001,Orange,0,89696,90223,527
12/6/21,70018,70001,Orange,0,89040,90223,1183
12/6/21,70016,70001,Orange,0,89129,90223,1094
12/6/21,70028,70001,Orange,0,88461,90223,1762
12/6/21,70036,70001,Orange,0,87684,90223,2539
12/6/21,70004,70001,Orange,0,90031,90223,192
12/6/21,70006,70001,Orange,0,89908,90223,315
12/6/21,70008,70001,Orange,0,89807,90223,416
12/6/21,70034,70001,Orange,0,87847,90223,2376
12/6/21,70012,70001,Orange,0,89496,90223,727
12/6/21,70020,70001,Orange,0,88960,90223,1263
12/6/21,70014,70001,Orange,0,89314,90223,909
12/6/21,70022,70001,Orange,0,88883,90223,1340
12/6/21,70030,70001,Orange,0,88311,90223,1912
12/6/21,70032,70001,Orange,0,88086,90223,2137
12/6/21,70026,70001,Orange,0,88617,90223,1606
12/7/21,70014,70001,Orange,0,89624,90521,897
12/7/21,70024,70001,Orange,0,89024,90521,1497
12/7/21,70278,70001,Orange,0,88345,90521,2176
12/7/21,70010,70001,Orange,0,89993,90521,528
12/7/21,70016,70001,Orange,0,89447,90521,1074
12/7/21,70018,70001,Orange,0,89361,90521,1160
12/7/21,70020,70001,Orange,0,89288,90521,1233
12/7/21,70012,70001,Orange,0,89791,90521,730
12/7/21,70022,70001,Orange,0,89220,90521,1301
12/7/21,70028,70001,Orange,0,88582,90521,1939
12/7/21,70034,70001,Orange,0,87973,90521,2548
12/7/21,70002,70001,Orange,0,90409,90521,112
12/7/21,70030,70001,Orange,0,88446,90521,2075
12/7/21,70032,70001,Orange,0,88240,90521,2281
12/7/21,70026,70001,Orange,0,88939,90521,1582
12/7/21,70036,70001,Orange,0,87854,90521,2667
12/7/21,70004,70001,Orange,0,90310,90521,211
12/7/21,70008,70001,Orange,0,90096,90521,425
12/7/21,70006,70001,Orange,0,90195,90521,326
1/1/22,70004,70001,Orange,0,89620,89835,215
1/1/22,70008,70001,Orange,0,89395,89835,440
1/1/22,70006,70001,Orange,0,89498,89835,337
1/1/22,70030,70001,Orange,0,87903,89835,1932
1/1/22,70032,70001,Orange,0,87676,89835,2159
1/1/22,70026,70001,Orange,0,88153,89835,1682
1/1/22,70036,70001,Orange,0,87328,89835,2507
1/1/22,70028,70001,Orange,0,88043,89835,1792
1/1/22,70278,70001,Orange,0,87802,89835,2033
1/1/22,70020,70001,Orange,0,88606,89835,1229
1/1/22,70014,70001,Orange,0,88967,89835,868
1/1/22,70022,70001,Orange,0,88496,89835,1339
1/1/22,70024,70001,Orange,0,88299,89835,1536
1/1/22,70016,70001,Orange,0,88783,89835,1052
1/1/22,70010,70001,Orange,0,89290,89835,545
1/1/22,70018,70001,Orange,0,88691,89835,1144
1/1/22,70012,70001,Orange,0,89137,89835,698
1/1/22,70034,70001,Orange,0,87446,89835,2389
1/1/22,70002,70001,Orange,0,89723,89835,112
1/2/22,70002,70001,Orange,0,89757,89873,116
1/2/22,70004,70001,Orange,0,89657,89873,216
1/2/22,70030,70001,Orange,0,87945,89873,1928
1/2/22,70032,70001,Orange,0,87724,89873,2149
1/2/22,70026,70001,Orange,0,88212,89873,1661
1/2/22,70008,70001,Orange,0,89448,89873,425
1/2/22,70006,70001,Orange,0,89547,89873,326
1/2/22,70016,70001,Orange,0,88799,89873,1074
1/2/22,70010,70001,Orange,0,89345,89873,528
1/2/22,70018,70001,Orange,0,88719,89873,1154
1/2/22,70028,70001,Orange,0,88082,89873,1791
1/2/22,70036,70001,Orange,0,87390,89873,2483
1/2/22,70278,70001,Orange,0,87849,89873,2024
1/2/22,70020,70001,Orange,0,88619,89873,1254
1/2/22,70012,70001,Orange,0,89185,89873,688
1/2/22,70022,70001,Orange,0,88543,89873,1330
1/2/22,70014,70001,Orange,0,89010,89873,863
1/2/22,70024,70001,Orange,0,88358,89873,1515
1/2/22,70034,70001,Orange,0,87497,89873,2376
1/3/22,70004,70001,Orange,0,90471,90683,212
1/3/22,70006,70001,Orange,0,90362,90683,321
1/3/22,70008,70001,Orange,0,90264,90683,419
1/3/22,70032,70001,Orange,0,88115,90683,2568
1/3/22,70026,70001,Orange,0,88753,90683,1930
1/3/22,70036,70001,Orange,0,87742,90683,2941
1/3/22,70010,70001,Orange,0,90167,90683,516
1/3/22,70016,70001,Orange,0,89658,90683,1025
1/3/22,70024,70001,Orange,0,88867,90683,1816
1/3/22,70278,70001,Orange,0,88240,90683,2443
1/3/22,70018,70001,Orange,0,89573,90683,1110
1/3/22,70012,70001,Orange,0,90029,90683,654
1/3/22,70020,70001,Orange,0,89488,90683,1195
1/3/22,70022,70001,Orange,0,89050,90683,1633
1/3/22,70014,70001,Orange,0,89850,90683,833
1/3/22,70034,70001,Orange,0,87861,90683,2822
1/3/22,70002,70001,Orange,0,90571,90683,112
1/3/22,70030,70001,Orange,0,88339,90683,2344
1/3/22,70028,70001,Orange,0,88476,90683,2207
1/4/22,70010,70001,Orange,0,89658,90197,539
1/4/22,70016,70001,Orange,0,89151,90197,1046
1/4/22,70018,70001,Orange,0,89056,90197,1141
1/4/22,70012,70001,Orange,0,89515,90197,682
1/4/22,70020,70001,Orange,0,88978,90197,1219
1/4/22,70034,70001,Orange,0,87825,90197,2372
1/4/22,70026,70001,Orange,0,88616,90197,1581
1/4/22,70036,70001,Orange,0,87709,90197,2488
1/4/22,70028,70001,Orange,0,88481,90197,1716
1/4/22,70002,70001,Orange,0,90073,90197,124
1/4/22,70004,70001,Orange,0,89979,90197,218
1/4/22,70278,70001,Orange,0,88234,90197,1963
1/4/22,70008,70001,Orange,0,89765,90197,432
1/4/22,70006,70001,Orange,0,89867,90197,330
1/4/22,70032,70001,Orange,0,88107,90197,2090
1/4/22,70030,70001,Orange,0,88337,90197,1860
1/4/22,70022,70001,Orange,0,88912,90197,1285
1/4/22,70014,70001,Orange,0,89335,90197,862
1/4/22,70024,70001,Orange,0,88719,90197,1478
1/5/22,70004,70001,Orange,0,91292,91500,208
1/5/22,70008,70001,Orange,0,91076,91500,424
1/5/22,70006,70001,Orange,0,91177,91500,323
1/5/22,70024,70001,Orange,0,89469,91500,2031
1/5/22,70278,70001,Orange,0,88967,91500,2533
1/5/22,70002,70001,Orange,0,91393,91500,107
1/5/22,70034,70001,Orange,0,88607,91500,2893
1/5/22,70018,70001,Orange,0,90343,91500,1157
1/5/22,70012,70001,Orange,0,90825,91500,675
1/5/22,70020,70001,Orange,0,90274,91500,1226
1/5/22,70014,70001,Orange,0,90638,91500,862
1/5/22,70022,70001,Orange,0,89695,91500,1805
1/5/22,70032,70001,Orange,0,88840,91500,2660
1/5/22,70030,70001,Orange,0,89061,91500,2439
1/5/22,70010,70001,Orange,0,90966,91500,534
1/5/22,70016,70001,Orange,0,90435,91500,1065
1/5/22,70026,70001,Orange,0,89315,91500,2185
1/5/22,70036,70001,Orange,0,88496,91500,3004
1/5/22,70028,70001,Orange,0,89199,91500,2301
1/6/22,70278,70001,Orange,0,88147,90039,1892
1/6/22,70002,70001,Orange,0,89946,90039,93
1/6/22,70024,70001,Orange,0,88599,90039,1440
1/6/22,70004,70001,Orange,0,89849,90039,190
1/6/22,70008,70001,Orange,0,89630,90039,409
1/6/22,70006,70001,Orange,0,89730,90039,309
1/6/22,70030,70001,Orange,0,88245,90039,1794
1/6/22,70032,70001,Orange,0,88021,90039,2018
1/6/22,70018,70001,Orange,0,88937,90039,1102
1/6/22,70020,70001,Orange,0,88865,90039,1174
1/6/22,70012,70001,Orange,0,89382,90039,657
1/6/22,70022,70001,Orange,0,88794,90039,1245
1/6/22,70014,70001,Orange,0,89212,90039,827
1/6/22,70026,70001,Orange,0,88512,90039,1527
1/6/22,70036,70001,Orange,0,87625,90039,2414
1/6/22,70028,70001,Orange,0,88383,90039,1656
1/6/22,70034,70001,Orange,0,87767,90039,2272
1/6/22,70010,70001,Orange,0,89530,90039,509
1/6/22,70016,70001,Orange,0,89032,90039,1007
1/7/22,70006,70001,Orange,0,89500,89833,333
1/7/22,70008,70001,Orange,0,89405,89833,428
1/7/22,70010,70001,Orange,0,89311,89833,522
1/7/22,70030,70001,Orange,0,88050,89833,1783
1/7/22,70032,70001,Orange,0,87833,89833,2000
1/7/22,70034,70001,Orange,0,87582,89833,2251
1/7/22,70002,70001,Orange,0,89716,89833,117
1/7/22,70004,70001,Orange,0,89620,89833,213
1/7/22,70022,70001,Orange,0,88584,89833,1249
1/7/22,70026,70001,Orange,0,88296,89833,1537
1/7/22,70024,70001,Orange,0,88399,89833,1434
1/7/22,70028,70001,Orange,0,88184,89833,1649
1/7/22,70012,70001,Orange,0,89172,89833,661
1/7/22,70014,70001,Orange,0,89002,89833,831
1/7/22,70036,70001,Orange,0,87466,89833,2367
1/7/22,70016,70001,Orange,0,88814,89833,1019
1/7/22,70018,70001,Orange,0,88724,89833,1109
1/7/22,70020,70001,Orange,0,88651,89833,1182
1/7/22,70278,70001,Orange,0,87954,89833,1879
2/1/22,70020,70001,Orange,0,88829,90002,1173
2/1/22,70012,70001,Orange,0,89350,90002,652
2/1/22,70022,70001,Orange,0,88768,90002,1234
2/1/22,70014,70001,Orange,0,89175,90002,827
2/1/22,70024,70001,Orange,0,88668,90002,1334
2/1/22,70010,70001,Orange,0,89487,90002,515
2/1/22,70018,70001,Orange,0,88901,90002,1101
2/1/22,70004,70001,Orange,0,89815,90002,187
2/1/22,70008,70001,Orange,0,89592,90002,410
2/1/22,70006,70001,Orange,0,89697,90002,305
2/1/22,70016,70001,Orange,0,88989,90002,1013
2/1/22,70034,70001,Orange,0,87820,90002,2182
2/1/22,70278,70001,Orange,0,88205,90002,1797
2/1/22,70030,70001,Orange,0,88307,90002,1695
2/1/22,70032,70001,Orange,0,88093,90002,1909
2/1/22,70026,70001,Orange,0,88591,90002,1411
2/1/22,70028,70001,Orange,0,88462,90002,1540
2/1/22,70002,70001,Orange,0,89915,90002,87
2/2/22,70002,70001,Orange,0,89920,90188,268
2/2/22,70020,70001,Orange,0,88772,90188,1416
2/2/22,70022,70001,Orange,0,88709,90188,1479
2/2/22,70014,70001,Orange,0,89133,90188,1055
2/2/22,70024,70001,Orange,0,88604,90188,1584
2/2/22,70032,70001,Orange,0,87955,90188,2233
2/2/22,70026,70001,Orange,0,88522,90188,1666
2/2/22,70036,70001,Orange,0,87601,90188,2587
2/2/22,70028,70001,Orange,0,88373,90188,1815
2/2/22,70030,70001,Orange,0,88219,90188,1969
2/2/22,70008,70001,Orange,0,89589,90188,599
2/2/22,70006,70001,Orange,0,89693,90188,495
2/2/22,70004,70001,Orange,0,89819,90188,369
2/2/22,70034,70001,Orange,0,87718,90188,2470
2/2/22,70278,70001,Orange,0,88069,90188,2119
2/2/22,70010,70001,Orange,0,89485,90188,703
2/2/22,70016,70001,Orange,0,88940,90188,1248
2/2/22,70018,70001,Orange,0,88852,90188,1336
2/2/22,70012,70001,Orange,0,89308,90188,880
2/3/22,70002,70001,Orange,0,89986,90100,114
2/3/22,70004,70001,Orange,0,89887,90100,213
2/3/22,70008,70001,Orange,0,89660,90100,440
2/3/22,70006,70001,Orange,0,89766,90100,334
2/3/22,70034,70001,Orange,0,87811,90100,2289
2/3/22,70012,70001,Orange,0,89416,90100,684
2/3/22,70020,70001,Orange,0,88881,90100,1219
2/3/22,70022,70001,Orange,0,88773,90100,1327
2/3/22,70014,70001,Orange,0,89239,90100,861
2/3/22,70024,70001,Orange,0,88674,90100,1426
2/3/22,70028,70001,Orange,0,88457,90100,1643
2/3/22,70036,70001,Orange,0,87689,90100,2411
2/3/22,70278,70001,Orange,0,88170,90100,1930
2/3/22,70010,70001,Orange,0,89558,90100,542
2/3/22,70016,70001,Orange,0,89052,90100,1048
2/3/22,70018,70001,Orange,0,88956,90100,1144
2/3/22,70030,70001,Orange,0,88326,90100,1774
2/3/22,70032,70001,Orange,0,88050,90100,2050
2/3/22,70026,70001,Orange,0,88595,90100,1505
2/4/22,70012,70001,Orange,0,89615,90289,674
2/4/22,70020,70001,Orange,0,89069,90289,1220
2/4/22,70018,70001,Orange,0,89142,90289,1147
2/4/22,70014,70001,Orange,0,89437,90289,852
2/4/22,70022,70001,Orange,0,89007,90289,1282
2/4/22,70030,70001,Orange,0,88520,90289,1769
2/4/22,70032,70001,Orange,0,88301,90289,1988
2/4/22,70034,70001,Orange,0,87766,90289,2523
2/4/22,70002,70001,Orange,0,90203,90289,86
2/4/22,70024,70001,Orange,0,88893,90289,1396
2/4/22,70004,70001,Orange,0,90092,90289,197
2/4/22,70008,70001,Orange,0,89862,90289,427
2/4/22,70006,70001,Orange,0,89973,90289,316
2/4/22,70026,70001,Orange,0,88810,90289,1479
2/4/22,70036,70001,Orange,0,87636,90289,2653
2/4/22,70028,70001,Orange,0,88663,90289,1626
2/4/22,70278,70001,Orange,0,88418,90289,1871
2/4/22,70010,70001,Orange,0,89754,90289,535
2/4/22,70016,70001,Orange,0,89237,90289,1052
2/5/22,70030,70001,Orange,0,88001,89762,1761
2/5/22,70008,70001,Orange,0,89265,89762,497
2/5/22,70034,70001,Orange,0,87543,89762,2219
2/5/22,70010,70001,Orange,0,89162,89762,600
2/5/22,70016,70001,Orange,0,88681,89762,1081
2/5/22,70006,70001,Orange,0,89369,89762,393
2/5/22,70278,70001,Orange,0,87886,89762,1876
2/5/22,70036,70001,Orange,0,87428,89762,2334
2/5/22,70026,70001,Orange,0,88279,89762,1483
2/5/22,70032,70001,Orange,0,87763,89762,1999
2/5/22,70028,70001,Orange,0,88145,89762,1617
2/5/22,70004,70001,Orange,0,89490,89762,272
2/5/22,70002,70001,Orange,0,89596,89762,166
2/5/22,70014,70001,Orange,0,88849,89762,913
2/5/22,70024,70001,Orange,0,88359,89762,1403
2/5/22,70018,70001,Orange,0,88602,89762,1160
2/5/22,70012,70001,Orange,0,89019,89762,743
2/5/22,70020,70001,Orange,0,88531,89762,1231
2/5/22,70022,70001,Orange,0,88460,89762,1302
2/6/22,70030,70001,Orange,0,87996,89888,1892
2/6/22,70034,70001,Orange,0,87569,89888,2319
2/6/22,70004,70001,Orange,0,89669,89888,219
2/6/22,70008,70001,Orange,0,89449,89888,439
2/6/22,70016,70001,Orange,0,88826,89888,1062
2/6/22,70012,70001,Orange,0,89194,89888,694
2/6/22,70020,70001,Orange,0,88643,89888,1245
2/6/22,70014,70001,Orange,0,89010,89888,878
2/6/22,70022,70001,Orange,0,88516,89888,1372
2/6/22,70024,70001,Orange,0,88382,89888,1506
2/6/22,70032,70001,Orange,0,87783,89888,2105
2/6/22,70002,70001,Orange,0,89777,89888,111
2/6/22,70006,70001,Orange,0,89551,89888,337
2/6/22,70278,70001,Orange,0,87894,89888,1994
2/6/22,70010,70001,Orange,0,89340,89888,548
2/6/22,70036,70001,Orange,0,87454,89888,2434
2/6/22,70028,70001,Orange,0,88141,89888,1747
2/6/22,70018,70001,Orange,0,88735,89888,1153
2/6/22,70026,70001,Orange,0,88297,89888,1591
2/7/22,70016,70001,Orange,0,89073,90243,1170
2/7/22,70018,70001,Orange,0,88973,90243,1270
2/7/22,70012,70001,Orange,0,89447,90243,796
2/7/22,70022,70001,Orange,0,88821,90243,1422
2/7/22,70028,70001,Orange,0,88463,90243,1780
2/7/22,70010,70001,Orange,0,89600,90243,643
2/7/22,70030,70001,Orange,0,88317,90243,1926
2/7/22,70004,70001,Orange,0,89932,90243,311
2/7/22,70006,70001,Orange,0,89811,90243,432
2/7/22,70008,70001,Orange,0,89708,90243,535
2/7/22,70032,70001,Orange,0,88111,90243,2132
2/7/22,70026,70001,Orange,0,88612,90243,1631
2/7/22,70036,70001,Orange,0,87762,90243,2481
2/7/22,70034,70001,Orange,0,87875,90243,2368
2/7/22,70002,70001,Orange,0,90035,90243,208
2/7/22,70014,70001,Orange,0,89264,90243,979
2/7/22,70024,70001,Orange,0,88692,90243,1551
2/7/22,70278,70001,Orange,0,88217,90243,2026
3/1/22,70278,70001,Orange,0,88244,90199,1955
3/1/22,70002,70001,Orange,0,90087,90199,112
3/1/22,70022,70001,Orange,0,88798,90199,1401
3/1/22,70014,70001,Orange,0,89294,90199,905
3/1/22,70024,70001,Orange,0,88703,90199,1496
3/1/22,70028,70001,Orange,0,88493,90199,1706
3/1/22,70036,70001,Orange,0,87659,90199,2540
3/1/22,70018,70001,Orange,0,88943,90199,1256
3/1/22,70020,70001,Orange,0,88863,90199,1336
3/1/22,70012,70001,Orange,0,89487,90199,712
3/1/22,70034,70001,Orange,0,87808,90199,2391
3/1/22,70016,70001,Orange,0,89039,90199,1160
3/1/22,70010,70001,Orange,0,89623,90199,576
3/1/22,70026,70001,Orange,0,88623,90199,1576
3/1/22,70004,70001,Orange,0,89977,90199,222
3/1/22,70030,70001,Orange,0,88341,90199,1858
3/1/22,70032,70001,Orange,0,88136,90199,2063
3/1/22,70008,70001,Orange,0,89720,90199,479
3/1/22,70006,70001,Orange,0,89825,90199,374
3/2/22,70022,70001,Orange,0,88788,90211,1423
3/2/22,70014,70001,Orange,0,89312,90211,899
3/2/22,70024,70001,Orange,0,88682,90211,1529
3/2/22,70036,70001,Orange,0,87663,90211,2548
3/2/22,70028,70001,Orange,0,88440,90211,1771
3/2/22,70278,70001,Orange,0,88172,90211,2039
3/2/22,70006,70001,Orange,0,89880,90211,331
3/2/22,70008,70001,Orange,0,89769,90211,442
3/2/22,70002,70001,Orange,0,90118,90211,93
3/2/22,70010,70001,Orange,0,89652,90211,559
3/2/22,70016,70001,Orange,0,89044,90211,1167
3/2/22,70020,70001,Orange,0,88862,90211,1349
3/2/22,70012,70001,Orange,0,89509,90211,702
3/2/22,70018,70001,Orange,0,88945,90211,1266
3/2/22,70034,70001,Orange,0,87808,90211,2403
3/2/22,70030,70001,Orange,0,88278,90211,1933
3/2/22,70032,70001,Orange,0,88056,90211,2155
3/2/22,70026,70001,Orange,0,88599,90211,1612
3/2/22,70004,70001,Orange,0,90001,90211,210
3/3/22,70278,70001,Orange,0,88461,90485,2024
3/3/22,70004,70001,Orange,0,90280,90485,205
3/3/22,70022,70001,Orange,0,89043,90485,1442
3/3/22,70014,70001,Orange,0,89566,90485,919
3/3/22,70008,70001,Orange,0,90025,90485,460
3/3/22,70018,70001,Orange,0,89189,90485,1296
3/3/22,70020,70001,Orange,0,89111,90485,1374
3/3/22,70012,70001,Orange,0,89775,90485,710
3/3/22,70030,70001,Orange,0,88567,90485,1918
3/3/22,70032,70001,Orange,0,88338,90485,2147
3/3/22,70026,70001,Orange,0,88859,90485,1626
3/3/22,70028,70001,Orange,0,88716,90485,1769
3/3/22,70002,70001,Orange,0,90387,90485,98
3/3/22,70006,70001,Orange,0,90131,90485,354
3/3/22,70016,70001,Orange,0,89290,90485,1195
3/3/22,70010,70001,Orange,0,89918,90485,567
3/3/22,70024,70001,Orange,0,88943,90485,1542
3/4/22,70278,70001,Orange,0,88571,90627,2056
3/4/22,70010,70001,Orange,0,89911,90627,716
3/4/22,70016,70001,Orange,0,89324,90627,1303
3/4/22,70018,70001,Orange,0,89238,90627,1389
3/4/22,70032,70001,Orange,0,88467,90627,2160
3/4/22,70030,70001,Orange,0,88659,90627,1968
3/4/22,70004,70001,Orange,0,90244,90627,383
3/4/22,70024,70001,Orange,0,88991,90627,1636
3/4/22,70026,70001,Orange,0,88916,90627,1711
3/4/22,70028,70001,Orange,0,88784,90627,1843
3/4/22,70002,70001,Orange,0,90352,90627,275
3/4/22,70012,70001,Orange,0,89772,90627,855
3/4/22,70020,70001,Orange,0,89156,90627,1471
3/4/22,70022,70001,Orange,0,89087,90627,1540
3/4/22,70014,70001,Orange,0,89591,90627,1036
3/4/22,70008,70001,Orange,0,90017,90627,610
3/4/22,70006,70001,Orange,0,90122,90627,505
3/5/22,70004,70001,Orange,0,89864,90076,212
3/5/22,70008,70001,Orange,0,89631,90076,445
3/5/22,70032,70001,Orange,0,87550,90076,2526
3/5/22,70030,70001,Orange,0,87774,90076,2302
3/5/22,70278,70001,Orange,0,87667,90076,2409
3/5/22,70020,70001,Orange,0,88689,90076,1387
3/5/22,70012,70001,Orange,0,89353,90076,723
3/5/22,70022,70001,Orange,0,88367,90076,1709
3/5/22,70014,70001,Orange,0,89147,90076,929
3/5/22,70024,70001,Orange,0,88188,90076,1888
3/5/22,70002,70001,Orange,0,89968,90076,108
3/5/22,70006,70001,Orange,0,89739,90076,337
3/5/22,70016,70001,Orange,0,88865,90076,1211
3/5/22,70010,70001,Orange,0,89505,90076,571
3/5/22,70018,70001,Orange,0,88774,90076,1302
3/5/22,70036,70001,Orange,0,87191,90076,2885
3/5/22,70026,70001,Orange,0,88097,90076,1979
3/5/22,70028,70001,Orange,0,87942,90076,2134
3/5/22,70034,70001,Orange,0,87318,90076,2758
3/6/22,70012,70001,Orange,0,89872,90654,782
3/6/22,70018,70001,Orange,0,89305,90654,1349
3/6/22,70022,70001,Orange,0,89147,90654,1507
3/6/22,70034,70001,Orange,0,88207,90654,2447
3/6/22,70026,70001,Orange,0,88963,90654,1691
3/6/22,70014,70001,Orange,0,89673,90654,981
3/6/22,70020,70001,Orange,0,89218,90654,1436
3/6/22,70278,70001,Orange,0,88550,90654,2104
3/6/22,70008,70001,Orange,0,90123,90654,531
3/6/22,70006,70001,Orange,0,90225,90654,429
3/6/22,70016,70001,Orange,0,89396,90654,1258
3/6/22,70010,70001,Orange,0,90014,90654,640
3/6/22,70002,70001,Orange,0,90455,90654,199
3/6/22,70004,70001,Orange,0,90349,90654,305
3/6/22,70024,70001,Orange,0,89043,90654,1611
3/6/22,70030,70001,Orange,0,88919,90654,1735
3/6/22,70032,70001,Orange,0,88434,90654,2220
3/7/22,70008,70001,Orange,0,89828,90289,461
3/7/22,70010,70001,Orange,0,89712,90289,577
3/7/22,70002,70001,Orange,0,90168,90289,121
3/7/22,70014,70001,Orange,0,89350,90289,939
3/7/22,70022,70001,Orange,0,88796,90289,1493
3/7/22,70024,70001,Orange,0,88693,90289,1596
3/7/22,70036,70001,Orange,0,87715,90289,2574
3/7/22,70028,70001,Orange,0,88457,90289,1832
3/7/22,70034,70001,Orange,0,87834,90289,2455
3/7/22,70278,70001,Orange,0,88191,90289,2098
3/7/22,70004,70001,Orange,0,90056,90289,233
3/7/22,70006,70001,Orange,0,89934,90289,355
3/7/22,70016,70001,Orange,0,89065,90289,1224
3/7/22,70018,70001,Orange,0,88950,90289,1339
3/7/22,70012,70001,Orange,0,89557,90289,732
3/7/22,70020,70001,Orange,0,88871,90289,1418
3/7/22,70030,70001,Orange,0,88294,90289,1995
3/7/22,70032,70001,Orange,0,88077,90289,2212
3/7/22,70026,70001,Orange,0,88615,90289,1674
4/1/22,70010,70001,Orange,0,89623,90209,586
4/1/22,70016,70001,Orange,0,88955,90209,1254
4/1/22,70004,70001,Orange,0,89976,90209,233
4/1/22,70006,70001,Orange,0,89842,90209,367
4/1/22,70008,70001,Orange,0,89735,90209,474
4/1/22,70030,70001,Orange,0,88178,90209,2031
4/1/22,70032,70001,Orange,0,87951,90209,2258
4/1/22,70026,70001,Orange,0,88477,90209,1732
4/1/22,70034,70001,Orange,0,87705,90209,2504
4/1/22,70018,70001,Orange,0,88850,90209,1359
4/1/22,70012,70001,Orange,0,89455,90209,754
4/1/22,70020,70001,Orange,0,88775,90209,1434
4/1/22,70022,70001,Orange,0,88706,90209,1503
4/1/22,70014,70001,Orange,0,89229,90209,980
4/1/22,70028,70001,Orange,0,88323,90209,1886
4/1/22,70036,70001,Orange,0,87589,90209,2620
4/1/22,70002,70001,Orange,0,90082,90209,127
4/1/22,70278,70001,Orange,0,88069,90209,2140
4/2/22,70278,70001,Orange,0,87814,90039,2225
4/2/22,70004,70001,Orange,0,89808,90039,231
4/2/22,70006,70001,Orange,0,89659,90039,380
4/2/22,70008,70001,Orange,0,89555,90039,484
4/2/22,70010,70001,Orange,0,89443,90039,596
4/2/22,70002,70001,Orange,0,89920,90039,119
4/2/22,70030,70001,Orange,0,87917,90039,2122
4/2/22,70032,70001,Orange,0,87699,90039,2340
4/2/22,70034,70001,Orange,0,87458,90039,2581
4/2/22,70016,70001,Orange,0,88802,90039,1237
4/2/22,70018,70001,Orange,0,88701,90039,1338
4/2/22,70020,70001,Orange,0,88626,90039,1413
4/2/22,70026,70001,Orange,0,88209,90039,1830
4/2/22,70022,70001,Orange,0,88424,90039,1615
4/2/22,70028,70001,Orange,0,88061,90039,1978
4/2/22,70036,70001,Orange,0,87341,90039,2698
4/2/22,70012,70001,Orange,0,89282,90039,757
4/2/22,70014,70001,Orange,0,89078,90039,961
4/3/22,70016,70001,Orange,0,88755,89894,1139
4/3/22,70018,70001,Orange,0,88673,89894,1221
4/3/22,70020,70001,Orange,0,88585,89894,1309
4/3/22,70026,70001,Orange,0,88274,89894,1620
4/3/22,70022,70001,Orange,0,88476,89894,1418
4/3/22,70028,70001,Orange,0,88135,89894,1759
4/3/22,70030,70001,Orange,0,87999,89894,1895
4/3/22,70278,70001,Orange,0,87898,89894,1996
4/3/22,70004,70001,Orange,0,89710,89894,184
4/3/22,70002,70001,Orange,0,89810,89894,84
4/3/22,70006,70001,Orange,0,89595,89894,299
4/3/22,70008,70001,Orange,0,89491,89894,403
4/3/22,70010,70001,Orange,0,89388,89894,506
4/3/22,70036,70001,Orange,0,87429,89894,2465
4/3/22,70012,70001,Orange,0,89236,89894,658
4/3/22,70014,70001,Orange,0,89017,89894,877
4/3/22,70032,70001,Orange,0,87793,89894,2101
4/3/22,70034,70001,Orange,0,87570,89894,2324
4/4/22,70008,70001,Orange,0,89735,90192,457
4/4/22,70010,70001,Orange,0,89635,90192,557
4/4/22,70012,70001,Orange,0,89486,90192,706
4/4/22,70036,70001,Orange,0,87669,90192,2523
4/4/22,70014,70001,Orange,0,89290,90192,902
4/4/22,70278,70001,Orange,0,88170,90192,2022
4/4/22,70016,70001,Orange,0,89019,90192,1173
4/4/22,70018,70001,Orange,0,88919,90192,1273
4/4/22,70020,70001,Orange,0,88840,90192,1352
4/4/22,70034,70001,Orange,0,87787,90192,2405
4/4/22,70002,70001,Orange,0,90069,90192,123
4/4/22,70004,70001,Orange,0,89968,90192,224
4/4/22,70006,70001,Orange,0,89845,90192,347
4/4/22,70022,70001,Orange,0,88773,90192,1419
4/4/22,70026,70001,Orange,0,88565,90192,1627
4/4/22,70030,70001,Orange,0,88275,90192,1917
4/4/22,70032,70001,Orange,0,88062,90192,2130
4/4/22,70028,70001,Orange,0,88408,90192,1784
4/5/22,70004,70001,Orange,0,89919,90104,185
4/5/22,70002,70001,Orange,0,90020,90104,84
4/5/22,70020,70001,Orange,0,88814,90104,1290
4/5/22,70026,70001,Orange,0,88540,90104,1564
4/5/22,70022,70001,Orange,0,88752,90104,1352
4/5/22,70028,70001,Orange,0,88408,90104,1696
4/5/22,70030,70001,Orange,0,88268,90104,1836
4/5/22,70036,70001,Orange,0,87648,90104,2456
4/5/22,70006,70001,Orange,0,89771,90104,333
4/5/22,70008,70001,Orange,0,89661,90104,443
4/5/22,70010,70001,Orange,0,89556,90104,548
4/5/22,70032,70001,Orange,0,88044,90104,2060
4/5/22,70034,70001,Orange,0,87793,90104,2311
4/5/22,70012,70001,Orange,0,89410,90104,694
4/5/22,70014,70001,Orange,0,89226,90104,878
4/5/22,70016,70001,Orange,0,88981,90104,1123
4/5/22,70018,70001,Orange,0,88887,90104,1217
4/5/22,70278,70001,Orange,0,88164,90104,1940
4/6/22,70008,70001,Orange,0,89604,90025,421
4/6/22,70010,70001,Orange,0,89503,90025,522
4/6/22,70012,70001,Orange,0,89364,90025,661
4/6/22,70026,70001,Orange,0,88471,90025,1554
4/6/22,70022,70001,Orange,0,88710,90025,1315
4/6/22,70028,70001,Orange,0,88366,90025,1659
4/6/22,70030,70001,Orange,0,88233,90025,1792
4/6/22,70032,70001,Orange,0,88029,90025,1996
4/6/22,70004,70001,Orange,0,89821,90025,204
4/6/22,70002,70001,Orange,0,89915,90025,110
4/6/22,70006,70001,Orange,0,89705,90025,320
4/6/22,70034,70001,Orange,0,87818,90025,2207
4/6/22,70014,70001,Orange,0,89184,90025,841
4/6/22,70016,70001,Orange,0,88936,90025,1089
4/6/22,70036,70001,Orange,0,87678,90025,2347
4/6/22,70018,70001,Orange,0,88859,90025,1166
4/6/22,70020,70001,Orange,0,88780,90025,1245
4/6/22,70278,70001,Orange,0,88134,90025,1891
4/7/22,70004,70001,Orange,0,90008,90190,182
4/7/22,70022,70001,Orange,0,88648,90190,1542
4/7/22,70008,70001,Orange,0,89791,90190,399
4/7/22,70014,70001,Orange,0,89361,90190,829
4/7/22,70002,70001,Orange,0,90103,90190,87
4/7/22,70030,70001,Orange,0,88131,90190,2059
4/7/22,70032,70001,Orange,0,87924,90190,2266
4/7/22,70034,70001,Orange,0,87697,90190,2493
4/7/22,70006,70001,Orange,0,89885,90190,305
4/7/22,70016,70001,Orange,0,89068,90190,1122
4/7/22,70010,70001,Orange,0,89692,90190,498
4/7/22,70018,70001,Orange,0,88973,90190,1217
4/7/22,70020,70001,Orange,0,88899,90190,1291
4/7/22,70012,70001,Orange,0,89549,90190,641
4/7/22,70026,70001,Orange,0,88428,90190,1762
4/7/22,70028,70001,Orange,0,88266,90190,1924
4/7/22,70036,70001,Orange,0,87585,90190,2605
4/7/22,70278,70001,Orange,0,88030,90190,2160
5/1/22,70278,70001,Orange,0,88103,90108,2005
5/1/22,70002,70001,Orange,0,90012,90108,96
5/1/22,70004,70001,Orange,0,89901,90108,207
5/1/22,70008,70001,Orange,0,89661,90108,447
5/1/22,70010,70001,Orange,0,89552,90108,556
5/1/22,70016,70001,Orange,0,88954,90108,1154
5/1/22,70018,70001,Orange,0,88868,90108,1240
5/1/22,70006,70001,Orange,0,89771,90108,337
5/1/22,70028,70001,Orange,0,88358,90108,1750
5/1/22,70014,70001,Orange,0,89217,90108,891
5/1/22,70022,70001,Orange,0,88672,90108,1436
5/1/22,70020,70001,Orange,0,88780,90108,1328
5/1/22,70012,70001,Orange,0,89404,90108,704
5/1/22,70024,70001,Orange,0,88574,90108,1534
5/1/22,70030,70001,Orange,0,88211,90108,1897
5/1/22,70032,70001,Orange,0,87983,90108,2125
5/1/22,70026,70001,Orange,0,88487,90108,1621
5/1/22,70036,70001,Orange,0,87645,90108,2463
5/1/22,70034,70001,Orange,0,87756,90108,2352
5/2/22,70010,70001,Orange,0,89593,90131,538
5/2/22,70016,70001,Orange,0,88964,90131,1167
5/2/22,70026,70001,Orange,0,88473,90131,1658
5/2/22,70036,70001,Orange,0,87600,90131,2531
5/2/22,70028,70001,Orange,0,88321,90131,1810
5/2/22,70034,70001,Orange,0,87722,90131,2409
5/2/22,70004,70001,Orange,0,89926,90131,205
5/2/22,70008,70001,Orange,0,89695,90131,436
5/2/22,70022,70001,Orange,0,88653,90131,1478
5/2/22,70014,70001,Orange,0,89245,90131,886
5/2/22,70030,70001,Orange,0,88181,90131,1950
5/2/22,70032,70001,Orange,0,87966,90131,2165
5/2/22,70018,70001,Orange,0,88857,90131,1274
5/2/22,70012,70001,Orange,0,89448,90131,683
5/2/22,70020,70001,Orange,0,88770,90131,1361
5/2/22,70278,70001,Orange,0,88077,90131,2054
5/2/22,70006,70001,Orange,0,89797,90131,334
5/2/22,70002,70001,Orange,0,90023,90131,108
5/2/22,70024,70001,Orange,0,88554,90131,1577
5/3/22,70008,70001,Orange,0,89711,90159,448
5/3/22,70006,70001,Orange,0,89812,90159,347
5/3/22,70036,70001,Orange,0,87656,90159,2503
5/3/22,70026,70001,Orange,0,88493,90159,1666
5/3/22,70028,70001,Orange,0,88362,90159,1797
5/3/22,70004,70001,Orange,0,89946,90159,213
5/3/22,70022,70001,Orange,0,88725,90159,1434
5/3/22,70014,70001,Orange,0,89250,90159,909
5/3/22,70024,70001,Orange,0,88630,90159,1529
5/3/22,70002,70001,Orange,0,90053,90159,106
5/3/22,70034,70001,Orange,0,87775,90159,2384
5/3/22,70278,70001,Orange,0,88120,90159,2039
5/3/22,70010,70001,Orange,0,89593,90159,566
5/3/22,70016,70001,Orange,0,88970,90159,1189
5/3/22,70018,70001,Orange,0,88876,90159,1283
5/3/22,70012,70001,Orange,0,89448,90159,711
5/3/22,70020,70001,Orange,0,88793,90159,1366
5/3/22,70030,70001,Orange,0,88222,90159,1937
5/3/22,70032,70001,Orange,0,88006,90159,2153
5/4/22,70004,70001,Orange,0,89828,90023,195
5/4/22,70036,70001,Orange,0,87577,90023,2446
5/4/22,70028,70001,Orange,0,88307,90023,1716
5/4/22,70010,70001,Orange,0,89482,90023,541
5/4/22,70018,70001,Orange,0,88775,90023,1248
5/4/22,70016,70001,Orange,0,88862,90023,1161
5/4/22,70012,70001,Orange,0,89343,90023,680
5/4/22,70020,70001,Orange,0,88699,90023,1324
5/4/22,70034,70001,Orange,0,87730,90023,2293
5/4/22,70278,70001,Orange,0,88077,90023,1946
5/4/22,70008,70001,Orange,0,89607,90023,416
5/4/22,70002,70001,Orange,0,89922,90023,101
5/4/22,70006,70001,Orange,0,89710,90023,313
5/4/22,70022,70001,Orange,0,88630,90023,1393
5/4/22,70014,70001,Orange,0,89135,90023,888
5/4/22,70024,70001,Orange,0,88523,90023,1500
5/4/22,70030,70001,Orange,0,88177,90023,1846
5/4/22,70032,70001,Orange,0,87967,90023,2056
5/4/22,70026,70001,Orange,0,88417,90023,1606
5/5/22,70002,70001,Orange,0,89912,90018,106
5/5/22,70012,70001,Orange,0,89337,90018,681
5/5/22,70020,70001,Orange,0,88684,90018,1334
5/5/22,70022,70001,Orange,0,88622,90018,1396
5/5/22,70014,70001,Orange,0,89136,90018,882
5/5/22,70026,70001,Orange,0,88448,90018,1570
5/5/22,70036,70001,Orange,0,87617,90018,2401
5/5/22,70024,70001,Orange,0,88528,90018,1490
5/5/22,70028,70001,Orange,0,88315,90018,1703
5/5/22,70278,70001,Orange,0,88093,90018,1925
5/5/22,70004,70001,Orange,0,89797,90018,221
5/5/22,70010,70001,Orange,0,89473,90018,545
5/5/22,70016,70001,Orange,0,88850,90018,1168
5/5/22,70018,70001,Orange,0,88763,90018,1255
5/5/22,70034,70001,Orange,0,87766,90018,2252
5/5/22,70008,70001,Orange,0,89576,90018,442
5/5/22,70006,70001,Orange,0,89676,90018,342
5/5/22,70032,70001,Orange,0,87990,90018,2028
5/5/22,70030,70001,Orange,0,88188,90018,1830
5/6/22,70012,70001,Orange,0,89953,90631,678
5/6/22,70014,70001,Orange,0,89640,90631,991
5/6/22,70034,70001,Orange,0,88011,90631,2620
5/6/22,70278,70001,Orange,0,88473,90631,2158
5/6/22,70004,70001,Orange,0,90369,90631,262
5/6/22,70006,70001,Orange,0,90234,90631,397
5/6/22,70030,70001,Orange,0,88578,90631,2053
5/6/22,70020,70001,Orange,0,89170,90631,1461
5/6/22,70022,70001,Orange,0,89099,90631,1532
5/6/22,70024,70001,Orange,0,88962,90631,1669
5/6/22,70032,70001,Orange,0,88354,90631,2277
5/6/22,70002,70001,Orange,0,90481,90631,150
5/6/22,70008,70001,Orange,0,90129,90631,502
5/6/22,70010,70001,Orange,0,90012,90631,619
5/6/22,70026,70001,Orange,0,88879,90631,1752
5/6/22,70016,70001,Orange,0,89363,90631,1268
5/6/22,70028,70001,Orange,0,88733,90631,1898
5/6/22,70018,70001,Orange,0,89263,90631,1368
5/6/22,70036,70001,Orange,0,87894,90631,2737
5/7/22,70008,70001,Orange,0,89523,89941,418
5/7/22,70006,70001,Orange,0,89616,89941,325
5/7/22,70016,70001,Orange,0,88831,89941,1110
5/7/22,70010,70001,Orange,0,89417,89941,524
5/7/22,70030,70001,Orange,0,88124,89941,1817
5/7/22,70032,70001,Orange,0,87936,89941,2005
5/7/22,70026,70001,Orange,0,88394,89941,1547
5/7/22,70028,70001,Orange,0,88249,89941,1692
5/7/22,70036,70001,Orange,0,87601,89941,2340
5/7/22,70278,70001,Orange,0,88035,89941,1906
5/7/22,70018,70001,Orange,0,88749,89941,1192
5/7/22,70020,70001,Orange,0,88675,89941,1266
5/7/22,70012,70001,Orange,0,89291,89941,650
5/7/22,70022,70001,Orange,0,88566,89941,1375
5/7/22,70014,70001,Orange,0,89104,89941,837
5/7/22,70024,70001,Orange,0,88468,89941,1473
5/7/22,70034,70001,Orange,0,87719,89941,2222
5/7/22,70002,70001,Orange,0,89825,89941,116
5/7/22,70004,70001,Orange,0,89731,89941,210
6/1/22,70002,70001,Orange,0,90136,90256,120
6/1/22,70032,70001,Orange,0,87977,90256,2279
6/1/22,70026,70001,Orange,0,88470,90256,1786
6/1/22,70036,70001,Orange,0,87584,90256,2672
6/1/22,70028,70001,Orange,0,88331,90256,1925
6/1/22,70018,70001,Orange,0,88937,90256,1319
6/1/22,70012,70001,Orange,0,89533,90256,723
6/1/22,70020,70001,Orange,0,88858,90256,1398
6/1/22,70022,70001,Orange,0,88663,90256,1593
6/1/22,70030,70001,Orange,0,88192,90256,2064
6/1/22,70034,70001,Orange,0,87738,90256,2518
6/1/22,70010,70001,Orange,0,89679,90256,577
6/1/22,70016,70001,Orange,0,89045,90256,1211
6/1/22,70014,70001,Orange,0,89332,90256,924
6/1/22,70024,70001,Orange,0,88558,90256,1698
6/1/22,70278,70001,Orange,0,88089,90256,2167
6/1/22,70004,70001,Orange,0,90015,90256,241
6/1/22,70008,70001,Orange,0,89793,90256,463
6/1/22,70006,70001,Orange,0,89895,90256,361
6/2/22,70278,70001,Orange,0,88212,90246,2034
6/2/22,70004,70001,Orange,0,90030,90246,216
6/2/22,70008,70001,Orange,0,89818,90246,428
6/2/22,70006,70001,Orange,0,89916,90246,330
6/2/22,70036,70001,Orange,0,87612,90246,2634
6/2/22,70034,70001,Orange,0,87783,90246,2463
6/2/22,70002,70001,Orange,0,90144,90246,102
6/2/22,70022,70001,Orange,0,88780,90246,1466
6/2/22,70024,70001,Orange,0,88681,90246,1565
6/2/22,70018,70001,Orange,0,88939,90246,1307
6/2/22,70020,70001,Orange,0,88847,90246,1399
6/2/22,70012,70001,Orange,0,89552,90246,694
6/2/22,70014,70001,Orange,0,89324,90246,922
6/2/22,70026,70001,Orange,0,88590,90246,1656
6/2/22,70028,70001,Orange,0,88451,90246,1795
6/2/22,70010,70001,Orange,0,89705,90246,541
6/2/22,70016,70001,Orange,0,89044,90246,1202
6/2/22,70030,70001,Orange,0,88307,90246,1939
6/2/22,70032,70001,Orange,0,88101,90246,2145
6/3/22,70002,70001,Orange,0,89926,90033,107
6/3/22,70016,70001,Orange,0,88938,90033,1095
6/3/22,70010,70001,Orange,0,89525,90033,508
6/3/22,70020,70001,Orange,0,88784,90033,1249
6/3/22,70012,70001,Orange,0,89407,90033,626
6/3/22,70018,70001,Orange,0,88857,90033,1176
6/3/22,70036,70001,Orange,0,87579,90033,2454
6/3/22,70026,70001,Orange,0,88453,90033,1580
6/3/22,70028,70001,Orange,0,88224,90033,1809
6/3/22,70006,70001,Orange,0,89717,90033,316
6/3/22,70032,70001,Orange,0,87906,90033,2127
6/3/22,70022,70001,Orange,0,88721,90033,1312
6/3/22,70014,70001,Orange,0,89208,90033,825
6/3/22,70024,70001,Orange,0,88625,90033,1408
6/3/22,70278,70001,Orange,0,88005,90033,2028
6/3/22,70030,70001,Orange,0,88097,90033,1936
6/3/22,70034,70001,Orange,0,87686,90033,2347
6/3/22,70004,70001,Orange,0,89822,90033,211
6/3/22,70008,70001,Orange,0,89623,90033,410
6/4/22,70016,70001,Orange,0,88669,89982,1313
6/4/22,70010,70001,Orange,0,89298,89982,684
6/4/22,70018,70001,Orange,0,88572,89982,1410
6/4/22,70278,70001,Orange,0,87855,89982,2127
6/4/22,70004,70001,Orange,0,89621,89982,361
6/4/22,70008,70001,Orange,0,89405,89982,577
6/4/22,70006,70001,Orange,0,89508,89982,474
6/4/22,70030,70001,Orange,0,87954,89982,2028
6/4/22,70032,70001,Orange,0,87747,89982,2235
6/4/22,70034,70001,Orange,0,87500,89982,2482
6/4/22,70024,70001,Orange,0,88324,89982,1658
6/4/22,70026,70001,Orange,0,88217,89982,1765
6/4/22,70028,70001,Orange,0,88103,89982,1879
6/4/22,70036,70001,Orange,0,87385,89982,2597
6/4/22,70020,70001,Orange,0,88490,89982,1492
6/4/22,70012,70001,Orange,0,89145,89982,837
6/4/22,70022,70001,Orange,0,88424,89982,1558
6/4/22,70014,70001,Orange,0,88930,89982,1052
6/4/22,70002,70001,Orange,0,89696,89982,286
6/5/22,70030,70001,Orange,0,88212,90081,1869
6/5/22,70032,70001,Orange,0,87980,90081,2101
6/5/22,70016,70001,Orange,0,88884,90081,1197
6/5/22,70004,70001,Orange,0,89860,90081,221
6/5/22,70008,70001,Orange,0,89645,90081,436
6/5/22,70006,70001,Orange,0,89745,90081,336
6/5/22,70018,70001,Orange,0,88804,90081,1277
6/5/22,70010,70001,Orange,0,89445,90081,636
6/5/22,70012,70001,Orange,0,89322,90081,759
6/5/22,70020,70001,Orange,0,88730,90081,1351
6/5/22,70014,70001,Orange,0,89139,90081,942
6/5/22,70022,70001,Orange,0,88670,90081,1411
6/5/22,70024,70001,Orange,0,88573,90081,1508
6/5/22,70278,70001,Orange,0,88112,90081,1969
6/5/22,70002,70001,Orange,0,89957,90081,124
6/5/22,70028,70001,Orange,0,88352,90081,1729
6/5/22,70026,70001,Orange,0,88489,90081,1592
6/5/22,70034,70001,Orange,0,87756,90081,2325
6/6/22,70002,70001,Orange,0,89726,89845,119
6/6/22,70020,70001,Orange,0,88633,89845,1212
6/6/22,70022,70001,Orange,0,88575,89845,1270
6/6/22,70024,70001,Orange,0,88487,89845,1358
6/6/22,70032,70001,Orange,0,87964,89845,1881
6/6/22,70026,70001,Orange,0,88398,89845,1447
6/6/22,70028,70001,Orange,0,88282,89845,1563
6/6/22,70278,70001,Orange,0,88065,89845,1780
6/6/22,70004,70001,Orange,0,89641,89845,204
6/6/22,70008,70001,Orange,0,89443,89845,402
6/6/22,70006,70001,Orange,0,89531,89845,314
6/6/22,70030,70001,Orange,0,88154,89845,1691
6/6/22,70018,70001,Orange,0,88697,89845,1148
6/6/22,70036,70001,Orange,0,87579,89845,2266
6/6/22,70014,70001,Orange,0,89041,89845,804
6/6/22,70034,70001,Orange,0,87716,89845,2129
6/6/22,70016,70001,Orange,0,88772,89845,1073
6/6/22,70012,70001,Orange,0,89220,89845,625
6/6/22,70010,70001,Orange,0,89339,89845,506
6/7/22,70002,70001,Orange,0,89875,89987,112
6/7/22,70024,70001,Orange,0,88557,89987,1430
6/7/22,70034,70001,Orange,0,87691,89987,2296
6/7/22,70010,70001,Orange,0,89453,89987,534
6/7/22,70016,70001,Orange,0,88873,89987,1114
6/7/22,70030,70001,Orange,0,88126,89987,1861
6/7/22,70032,70001,Orange,0,87916,89987,2071
6/7/22,70022,70001,Orange,0,88652,89987,1335
6/7/22,70018,70001,Orange,0,88785,89987,1202
6/7/22,70012,70001,Orange,0,89321,89987,666
6/7/22,70020,70001,Orange,0,88712,89987,1275
6/7/22,70014,70001,Orange,0,89141,89987,846
6/7/22,70004,70001,Orange,0,89774,89987,213
6/7/22,70006,70001,Orange,0,89663,89987,324
6/7/22,70008,70001,Orange,0,89558,89987,429
6/7/22,70026,70001,Orange,0,88477,89987,1510
6/7/22,70028,70001,Orange,0,88353,89987,1634
6/7/22,70036,70001,Orange,0,87578,89987,2409
6/7/22,70278,70001,Orange,0,88029,89987,1958
7/1/22,70010,70001,Orange,0,89478,90026,548
7/1/22,70016,70001,Orange,0,88789,90026,1237
7/1/22,70018,70001,Orange,0,88703,90026,1323
7/1/22,70012,70001,Orange,0,89280,90026,746
7/1/22,70020,70001,Orange,0,88614,90026,1412
7/1/22,70014,70001,Orange,0,89082,90026,944
7/1/22,70022,70001,Orange,0,88552,90026,1474
7/1/22,70034,70001,Orange,0,87526,90026,2500
7/1/22,70278,70001,Orange,0,87978,90026,2048
7/1/22,70002,70001,Orange,0,89902,90026,124
7/1/22,70032,70001,Orange,0,87757,90026,2269
7/1/22,70026,70001,Orange,0,88362,90026,1664
7/1/22,70036,70001,Orange,0,87409,90026,2617
7/1/22,70028,70001,Orange,0,88223,90026,1803
7/1/22,70024,70001,Orange,0,88450,90026,1576
7/1/22,70030,70001,Orange,0,88073,90026,1953
7/1/22,70004,70001,Orange,0,89800,90026,226
7/1/22,70006,70001,Orange,0,89687,90026,339
7/1/22,70008,70001,Orange,0,89590,90026,436
7/2/22,70010,70001,Orange,0,83891,84432,541
7/2/22,70016,70001,Orange,0,83310,84432,1122
7/2/22,70018,70001,Orange,0,83230,84432,1202
7/2/22,70012,70001,Orange,0,83769,84432,663
7/2/22,70020,70001,Orange,0,83155,84432,1277
7/2/22,70022,70001,Orange,0,83085,84432,1347
7/2/22,70034,70001,Orange,0,82050,84432,2382
7/2/22,70002,70001,Orange,0,84326,84432,106
7/2/22,70030,70001,Orange,0,82613,84432,1819
7/2/22,70032,70001,Orange,0,82299,84432,2133
7/2/22,70026,70001,Orange,0,82879,84432,1553
7/2/22,70036,70001,Orange,0,81937,84432,2495
7/2/22,70028,70001,Orange,0,82751,84432,1681
7/2/22,70278,70001,Orange,0,82506,84432,1926
7/2/22,70004,70001,Orange,0,84222,84432,210
7/2/22,70008,70001,Orange,0,83994,84432,438
7/2/22,70006,70001,Orange,0,84104,84432,328
7/2/22,70014,70001,Orange,0,83585,84432,847
7/2/22,70024,70001,Orange,0,82966,84432,1466
7/3/22,70278,70001,Orange,0,73876,75920,2044
7/3/22,70032,70001,Orange,0,73648,75920,2272
7/3/22,70030,70001,Orange,0,73991,75920,1929
7/3/22,70026,70001,Orange,0,74244,75920,1676
7/3/22,70028,70001,Orange,0,74135,75920,1785
7/3/22,70018,70001,Orange,0,74637,75920,1283
7/3/22,70012,70001,Orange,0,75204,75920,716
7/3/22,70020,70001,Orange,0,74552,75920,1368
7/3/22,70014,70001,Orange,0,75006,75920,914
7/3/22,70022,70001,Orange,0,74478,75920,1442
7/3/22,70024,70001,Orange,0,74365,75920,1555
7/3/22,70002,70001,Orange,0,75790,75920,130
7/3/22,70036,70001,Orange,0,73300,75920,2620
7/3/22,70034,70001,Orange,0,73414,75920,2506
7/3/22,70004,70001,Orange,0,75685,75920,235
7/3/22,70008,70001,Orange,0,75459,75920,461
7/3/22,70006,70001,Orange,0,75567,75920,353
7/3/22,70010,70001,Orange,0,75347,75920,573
7/3/22,70016,70001,Orange,0,74735,75920,1185
7/4/22,70016,70001,Orange,0,89221,90390,1169
7/4/22,70018,70001,Orange,0,89131,90390,1259
7/4/22,70012,70001,Orange,0,89702,90390,688
7/4/22,70020,70001,Orange,0,89051,90390,1339
7/4/22,70022,70001,Orange,0,88991,90390,1399
7/4/22,70014,70001,Orange,0,89493,90390,897
7/4/22,70024,70001,Orange,0,88894,90390,1496
7/4/22,70002,70001,Orange,0,90267,90390,123
7/4/22,70004,70001,Orange,0,90170,90390,220
7/4/22,70030,70001,Orange,0,88531,90390,1859
7/4/22,70032,70001,Orange,0,88177,90390,2213
7/4/22,70026,70001,Orange,0,88809,90390,1581
7/4/22,70028,70001,Orange,0,88677,90390,1713
7/4/22,70010,70001,Orange,0,89854,90390,536
7/4/22,70008,70001,Orange,0,89957,90390,433
7/4/22,70006,70001,Orange,0,90056,90390,334
7/4/22,70278,70001,Orange,0,88374,90390,2016
7/4/22,70034,70001,Orange,0,87960,90390,2430
7/5/22,70278,70001,Orange,0,88646,90483,1837
7/5/22,70006,70001,Orange,0,90165,90483,318
7/5/22,70016,70001,Orange,0,89378,90483,1105
7/5/22,70010,70001,Orange,0,89958,90483,525
7/5/22,70018,70001,Orange,0,89291,90483,1192
7/5/22,70012,70001,Orange,0,89835,90483,648
7/5/22,70020,70001,Orange,0,89216,90483,1267
7/5/22,70022,70001,Orange,0,89158,90483,1325
7/5/22,70014,70001,Orange,0,89651,90483,832
7/5/22,70024,70001,Orange,0,89077,90483,1406
7/5/22,70034,70001,Orange,0,88191,90483,2292
7/5/22,70008,70001,Orange,0,90063,90483,420
7/5/22,70004,70001,Orange,0,90273,90483,210
7/5/22,70036,70001,Orange,0,88064,90483,2419
7/5/22,70028,70001,Orange,0,88865,90483,1618
7/5/22,70002,70001,Orange,0,90370,90483,113
7/5/22,70030,70001,Orange,0,88735,90483,1748
7/5/22,70032,70001,Orange,0,88445,90483,2038
7/5/22,70026,70001,Orange,0,88970,90483,1513
7/6/22,70002,70001,Orange,0,89593,89699,106
7/6/22,70032,70001,Orange,0,87615,89699,2084
7/6/22,70026,70001,Orange,0,88152,89699,1547
7/6/22,70036,70001,Orange,0,87202,89699,2497
7/6/22,70028,70001,Orange,0,88027,89699,1672
7/6/22,70016,70001,Orange,0,88600,89699,1099
7/6/22,70018,70001,Orange,0,88458,89699,1241
7/6/22,70010,70001,Orange,0,89180,89699,519
7/6/22,70012,70001,Orange,0,89044,89699,655
7/6/22,70020,70001,Orange,0,88384,89699,1315
7/6/22,70014,70001,Orange,0,88814,89699,885
7/6/22,70022,70001,Orange,0,88328,89699,1371
7/6/22,70034,70001,Orange,0,87355,89699,2344
7/6/22,70278,70001,Orange,0,87818,89699,1881
7/6/22,70024,70001,Orange,0,88237,89699,1462
7/6/22,70030,70001,Orange,0,87904,89699,1795
7/6/22,70004,70001,Orange,0,89499,89699,200
7/6/22,70008,70001,Orange,0,89284,89699,415
7/6/22,70006,70001,Orange,0,89380,89699,319
7/7/22,70024,70001,Orange,0,84523,86108,1585
7/7/22,70030,70001,Orange,0,84141,86108,1967
7/7/22,70002,70001,Orange,0,85980,86108,128
7/7/22,70034,70001,Orange,0,83567,86108,2541
7/7/22,70278,70001,Orange,0,84037,86108,2071
7/7/22,70010,70001,Orange,0,85494,86108,614
7/7/22,70018,70001,Orange,0,84776,86108,1332
7/7/22,70012,70001,Orange,0,85354,86108,754
7/7/22,70020,70001,Orange,0,84698,86108,1410
7/7/22,70022,70001,Orange,0,84626,86108,1482
7/7/22,70014,70001,Orange,0,85148,86108,960
7/7/22,70004,70001,Orange,0,85878,86108,230
7/7/22,70008,70001,Orange,0,85617,86108,491
7/7/22,70006,70001,Orange,0,85744,86108,364
7/7/22,70016,70001,Orange,0,84873,86108,1235
7/7/22,70032,70001,Orange,0,83812,86108,2296
7/7/22,70026,70001,Orange,0,84426,86108,1682
7/7/22,70036,70001,Orange,0,83438,86108,2670
7/7/22,70028,70001,Orange,0,84283,86108,1825
8/1/22,70002,70001,Orange,0,83939,84063,124
8/1/22,70012,70001,Orange,0,83402,84063,661
8/1/22,70018,70001,Orange,0,82972,84063,1091
8/1/22,70014,70001,Orange,0,83249,84063,814
8/1/22,70020,70001,Orange,0,82897,84063,1166
8/1/22,70036,70001,Orange,0,81738,84063,2325
8/1/22,70004,70001,Orange,0,83849,84063,214
8/1/22,70010,70001,Orange,0,83532,84063,531
8/1/22,70022,70001,Orange,0,82823,84063,1240
8/1/22,70024,70001,Orange,0,82721,84063,1342
8/1/22,70034,70001,Orange,0,81855,84063,2208
8/1/22,70006,70001,Orange,0,83727,84063,336
8/1/22,70008,70001,Orange,0,83631,84063,432
8/1/22,70016,70001,Orange,0,83029,84063,1034
8/1/22,70026,70001,Orange,0,82597,84063,1466
8/1/22,70028,70001,Orange,0,82491,84063,1572
8/1/22,70278,70001,Orange,0,82255,84063,1808
8/1/22,70030,70001,Orange,0,82358,84063,1705
8/1/22,70032,70001,Orange,0,82138,84063,1925
8/2/22,70278,70001,Orange,0,70789,72567,1778
8/2/22,70004,70001,Orange,0,72348,72567,219
8/2/22,70030,70001,Orange,0,70879,72567,1688
8/2/22,70026,70001,Orange,0,71117,72567,1450
8/2/22,70028,70001,Orange,0,71009,72567,1558
8/2/22,70032,70001,Orange,0,70670,72567,1897
8/2/22,70006,70001,Orange,0,72237,72567,330
8/2/22,70008,70001,Orange,0,72143,72567,424
8/2/22,70010,70001,Orange,0,72044,72567,523
8/2/22,70036,70001,Orange,0,70234,72567,2333
8/2/22,70034,70001,Orange,0,70352,72567,2215
8/2/22,70002,70001,Orange,0,72416,72567,151
8/2/22,70024,70001,Orange,0,71223,72567,1344
8/2/22,70016,70001,Orange,0,71525,72567,1042
8/2/22,70012,70001,Orange,0,71914,72567,653
8/2/22,70018,70001,Orange,0,71464,72567,1103
8/2/22,70014,70001,Orange,0,71766,72567,801
8/2/22,70020,70001,Orange,0,71389,72567,1178
8/2/22,70022,70001,Orange,0,71323,72567,1244
8/3/22,70002,70001,Orange,0,86836,86966,130
8/3/22,70004,70001,Orange,0,86737,86966,229
8/3/22,70032,70001,Orange,0,84932,86966,2034
8/3/22,70026,70001,Orange,0,85431,86966,1535
8/3/22,70028,70001,Orange,0,85300,86966,1666
8/3/22,70036,70001,Orange,0,84557,86966,2409
8/3/22,70030,70001,Orange,0,85156,86966,1810
8/3/22,70006,70001,Orange,0,86621,86966,345
8/3/22,70008,70001,Orange,0,86513,86966,453
8/3/22,70010,70001,Orange,0,86408,86966,558
8/3/22,70016,70001,Orange,0,85856,86966,1110
8/3/22,70018,70001,Orange,0,85784,86966,1182
8/3/22,70012,70001,Orange,0,86257,86966,709
8/3/22,70020,70001,Orange,0,85697,86966,1269
8/3/22,70014,70001,Orange,0,86104,86966,862
8/3/22,70034,70001,Orange,0,84677,86966,2289
8/3/22,70278,70001,Orange,0,85051,86966,1915
8/3/22,70022,70001,Orange,0,85627,86966,1339
8/3/22,70024,70001,Orange,0,85520,86966,1446
8/4/22,70014,70001,Orange,0,88855,89702,847
8/4/22,70024,70001,Orange,0,88323,89702,1379
8/4/22,70004,70001,Orange,0,89468,89702,234
8/4/22,70008,70001,Orange,0,89241,89702,461
8/4/22,70006,70001,Orange,0,89350,89702,352
8/4/22,70036,70001,Orange,0,87276,89702,2426
8/4/22,70034,70001,Orange,0,87396,89702,2306
8/4/22,70032,70001,Orange,0,87726,89702,1976
8/4/22,70028,70001,Orange,0,88105,89702,1597
8/4/22,70026,70001,Orange,0,88239,89702,1463
8/4/22,70278,70001,Orange,0,87845,89702,1857
8/4/22,70002,70001,Orange,0,89568,89702,134
8/4/22,70030,70001,Orange,0,87959,89702,1743
8/4/22,70010,70001,Orange,0,89130,89702,572
8/4/22,70016,70001,Orange,0,88619,89702,1083
8/4/22,70018,70001,Orange,0,88567,89702,1135
8/4/22,70012,70001,Orange,0,89001,89702,701
8/4/22,70020,70001,Orange,0,88488,89702,1214
8/4/22,70022,70001,Orange,0,88423,89702,1279
8/5/22,70278,70001,Orange,0,82371,84364,1993
8/5/22,70034,70001,Orange,0,82008,84364,2356
8/5/22,70016,70001,Orange,0,83249,84364,1115
8/5/22,70018,70001,Orange,0,83178,84364,1186
8/5/22,70012,70001,Orange,0,83664,84364,700
8/5/22,70020,70001,Orange,0,83089,84364,1275
8/5/22,70014,70001,Orange,0,83487,84364,877
8/5/22,70022,70001,Orange,0,83005,84364,1359
8/5/22,70028,70001,Orange,0,82631,84364,1733
8/5/22,70036,70001,Orange,0,81875,84364,2489
8/5/22,70002,70001,Orange,0,84236,84364,128
8/5/22,70004,70001,Orange,0,84136,84364,228
8/5/22,70030,70001,Orange,0,82478,84364,1886
8/5/22,70032,70001,Orange,0,82248,84364,2116
8/5/22,70026,70001,Orange,0,82785,84364,1579
8/5/22,70024,70001,Orange,0,82877,84364,1487
8/5/22,70010,70001,Orange,0,83796,84364,568
8/5/22,70006,70001,Orange,0,84016,84364,348
8/5/22,70008,70001,Orange,0,83905,84364,459
8/6/22,70002,70001,Orange,0,68938,69041,103
8/6/22,70032,70001,Orange,0,67205,69041,1836
8/6/22,70030,70001,Orange,0,67407,69041,1634
8/6/22,70026,70001,Orange,0,67673,69041,1368
8/6/22,70028,70001,Orange,0,67542,69041,1499
8/6/22,70036,70001,Orange,0,66856,69041,2185
8/6/22,70010,70001,Orange,0,68529,69041,512
8/6/22,70016,70001,Orange,0,68044,69041,997
8/6/22,70018,70001,Orange,0,67992,69041,1049
8/6/22,70012,70001,Orange,0,68409,69041,632
8/6/22,70020,70001,Orange,0,67912,69041,1129
8/6/22,70014,70001,Orange,0,68263,69041,778
8/6/22,70022,70001,Orange,0,67850,69041,1191
8/6/22,70278,70001,Orange,0,67313,69041,1728
8/6/22,70004,70001,Orange,0,68847,69041,194
8/6/22,70006,70001,Orange,0,68742,69041,299
8/6/22,70008,70001,Orange,0,68632,69041,409
8/6/22,70034,70001,Orange,0,66967,69041,2074
8/6/22,70024,70001,Orange,0,67755,69041,1286
8/7/22,70010,70001,Orange,0,83408,83903,495
8/7/22,70006,70001,Orange,0,83626,83903,277
8/7/22,70008,70001,Orange,0,83530,83903,373
8/7/22,70004,70001,Orange,0,83729,83903,174
8/7/22,70016,70001,Orange,0,82950,83903,953
8/7/22,70018,70001,Orange,0,82898,83903,1005
8/7/22,70014,70001,Orange,0,83151,83903,752
8/7/22,70012,70001,Orange,0,83294,83903,609
8/7/22,70020,70001,Orange,0,82824,83903,1079
8/7/22,70022,70001,Orange,0,82767,83903,1136
8/7/22,70024,70001,Orange,0,82669,83903,1234
8/7/22,70030,70001,Orange,0,82340,83903,1563
8/7/22,70032,70001,Orange,0,82134,83903,1769
8/7/22,70026,70001,Orange,0,82593,83903,1310
8/7/22,70278,70001,Orange,0,82245,83903,1658
8/7/22,70002,70001,Orange,0,83816,83903,87
8/7/22,70028,70001,Orange,0,82467,83903,1436
8/7/22,70036,70001,Orange,0,81777,83903,2126
8/7/22,70034,70001,Orange,0,81916,83903,1987
9/19/22,70008,70001,Orange,0,88946,89506,560
9/19/22,70006,70001,Orange,0,89038,89506,468
9/19/22,70016,70001,Orange,0,88335,89506,1171
9/19/22,70010,70001,Orange,0,88845,89506,661
9/19/22,70018,70001,Orange,0,88235,89506,1271
9/19/22,70002,70001,Orange,0,89383,89506,123
9/19/22,70012,70001,Orange,0,88697,89506,809
9/19/22,70014,70001,Orange,0,88553,89506,953
9/19/22,70020,70001,Orange,0,88155,89506,1351
9/19/22,70022,70001,Orange,0,88090,89506,1416
9/19/22,70030,70001,Orange,0,87353,89506,2153
9/19/22,70278,70001,Orange,0,87069,89506,2437
9/19/22,70004,70001,Orange,0,89267,89506,239
9/19/22,70024,70001,Orange,0,87993,89506,1513
9/19/22,70032,70001,Orange,0,86775,89506,2731
9/19/22,70026,70001,Orange,0,87912,89506,1594
9/19/22,70036,70001,Orange,0,86077,89506,3429
9/19/22,70028,70001,Orange,0,87740,89506,1766
9/19/22,70034,70001,Orange,0,86185,89506,3321
9/20/22,70004,70001,Orange,0,89401,89582,181
9/20/22,70008,70001,Orange,0,89066,89582,516
9/20/22,70006,70001,Orange,0,89165,89582,417
9/20/22,70002,70001,Orange,0,89494,89582,88
9/20/22,70036,70001,Orange,0,86239,89582,3343
9/20/22,70034,70001,Orange,0,86365,89582,3217
9/20/22,70278,70001,Orange,0,87235,89582,2347
9/20/22,70010,70001,Orange,0,88965,89582,617
9/20/22,70016,70001,Orange,0,88485,89582,1097
9/20/22,70012,70001,Orange,0,88846,89582,736
9/20/22,70018,70001,Orange,0,88384,89582,1198
9/20/22,70014,70001,Orange,0,88701,89582,881
9/20/22,70020,70001,Orange,0,88299,89582,1283
9/20/22,70022,70001,Orange,0,88237,89582,1345
9/20/22,70024,70001,Orange,0,88142,89582,1440
9/20/22,70030,70001,Orange,0,87499,89582,2083
9/20/22,70032,70001,Orange,0,86924,89582,2658
9/20/22,70026,70001,Orange,0,88041,89582,1541
9/20/22,70028,70001,Orange,0,87887,89582,1695
9/21/22,70002,70001,Orange,0,75660,75785,125
9/21/22,70018,70001,Orange,0,74587,75785,1198
9/21/22,70012,70001,Orange,0,75069,75785,716
9/21/22,70016,70001,Orange,0,74688,75785,1097
9/21/22,70020,70001,Orange,0,74487,75785,1298
9/21/22,70014,70001,Orange,0,74917,75785,868
9/21/22,70022,70001,Orange,0,74411,75785,1374
9/21/22,70024,70001,Orange,0,74304,75785,1481
9/21/22,70032,70001,Orange,0,73025,75785,2760
9/21/22,70026,70001,Orange,0,74206,75785,1579
9/21/22,70030,70001,Orange,0,73601,75785,2184
9/21/22,70028,70001,Orange,0,74013,75785,1772
9/21/22,70278,70001,Orange,0,73331,75785,2454
9/21/22,70004,70001,Orange,0,75560,75785,225
9/21/22,70006,70001,Orange,0,75409,75785,376
9/21/22,70008,70001,Orange,0,75307,75785,478
9/21/22,70010,70001,Orange,0,75204,75785,581
9/22/22,70024,70001,Orange,0,89948,91563,1615
9/22/22,70030,70001,Orange,0,89287,91563,2276
9/22/22,70026,70001,Orange,0,89835,91563,1728
9/22/22,70032,70001,Orange,0,88720,91563,2843
9/22/22,70028,70001,Orange,0,89682,91563,1881
9/22/22,70036,70001,Orange,0,87774,91563,3789
9/22/22,70034,70001,Orange,0,88155,91563,3408
9/22/22,70016,70001,Orange,0,90352,91563,1211
9/22/22,70010,70001,Orange,0,90904,91563,659
9/22/22,70018,70001,Orange,0,90251,91563,1312
9/22/22,70012,70001,Orange,0,90767,91563,796
9/22/22,70020,70001,Orange,0,90150,91563,1413
9/22/22,70022,70001,Orange,0,90069,91563,1494
9/22/22,70014,70001,Orange,0,90616,91563,947
9/22/22,70002,70001,Orange,0,91397,91563,166
9/22/22,70004,70001,Orange,0,91294,91563,269
9/22/22,70008,70001,Orange,0,91014,91563,549
9/22/22,70006,70001,Orange,0,91145,91563,418
9/22/22,70278,70001,Orange,0,89020,91563,2543
9/23/22,70004,70001,Orange,0,89684,89916,232
9/23/22,70278,70001,Orange,0,87551,89916,2365
9/23/22,70002,70001,Orange,0,89786,89916,130
9/23/22,70010,70001,Orange,0,89341,89916,575
9/23/22,70034,70001,Orange,0,87158,89916,2758
9/23/22,70024,70001,Orange,0,88470,89916,1446
9/23/22,70026,70001,Orange,0,88388,89916,1528
9/23/22,70028,70001,Orange,0,88203,89916,1713
9/23/22,70036,70001,Orange,0,87050,89916,2866
9/23/22,70008,70001,Orange,0,89445,89916,471
9/23/22,70006,70001,Orange,0,89544,89916,372
9/23/22,70032,70001,Orange,0,87376,89916,2540
9/23/22,70016,70001,Orange,0,88819,89916,1097
9/23/22,70018,70001,Orange,0,88729,89916,1187
9/23/22,70012,70001,Orange,0,89196,89916,720
9/23/22,70020,70001,Orange,0,88640,89916,1276
9/23/22,70022,70001,Orange,0,88566,89916,1350
9/23/22,70014,70001,Orange,0,89037,89916,879
9/23/22,70030,70001,Orange,0,87814,89916,2102
9/24/22,70002,70001,Orange,0,88114,88240,126
9/24/22,70004,70001,Orange,0,88023,88240,217
9/24/22,70008,70001,Orange,0,87778,88240,462
9/24/22,70006,70001,Orange,0,87871,88240,369
9/24/22,70278,70001,Orange,0,85819,88240,2421
9/24/22,70028,70001,Orange,0,86469,88240,1771
9/24/22,70036,70001,Orange,0,85262,88240,2978
9/24/22,70030,70001,Orange,0,86082,88240,2158
9/24/22,70032,70001,Orange,0,85646,88240,2594
9/24/22,70026,70001,Orange,0,86644,88240,1596
9/24/22,70014,70001,Orange,0,87418,88240,822
9/24/22,70022,70001,Orange,0,86819,88240,1421
9/24/22,70024,70001,Orange,0,86723,88240,1517
9/24/22,70010,70001,Orange,0,87679,88240,561
9/24/22,70016,70001,Orange,0,87075,88240,1165
9/24/22,70018,70001,Orange,0,86988,88240,1252
9/24/22,70012,70001,Orange,0,87562,88240,678
9/24/22,70020,70001,Orange,0,86877,88240,1363
9/24/22,70034,70001,Orange,0,85373,88240,2867
9/25/22,70012,70001,Orange,0,90510,91179,669
9/25/22,70020,70001,Orange,0,89996,91179,1183
9/25/22,70014,70001,Orange,0,90365,91179,814
9/25/22,70022,70001,Orange,0,89760,91179,1419
9/25/22,70024,70001,Orange,0,89613,91179,1566
9/25/22,70002,70001,Orange,0,91084,91179,95
9/25/22,70004,70001,Orange,0,90979,91179,200
9/25/22,70026,70001,Orange,0,89537,91179,1642
9/25/22,70028,70001,Orange,0,89366,91179,1813
9/25/22,70008,70001,Orange,0,90724,91179,455
9/25/22,70006,70001,Orange,0,90819,91179,360
9/25/22,70010,70001,Orange,0,90625,91179,554
9/25/22,70016,70001,Orange,0,90169,91179,1010
9/25/22,70018,70001,Orange,0,90084,91179,1095